{"cameraMode":{"drawMode":0,"name":"Shaded","section":"Shading Mode"},"sceneLighting":false,"audioPlay":false,"sceneViewState":{"showFog":true,"showMaterialUpdate":false,"showSkybox":true,"showFlares":true,"showImageEffects":true,"showParticleSystems":true},"in2DMode":false,"pivot":{"x":265.22186279296877,"y":737.5484619140625,"z":-48.86882781982422},"rotation":{"x":0.04647444933652878,"y":-0.01947769522666931,"z":0.0009063583565875888,"w":0.9987295269966126},"size":896.0635986328125,"orthographic":false}